,keyword,occurances
0,Selenium WebDriver,(29 docs)
1,Python Tutorial,(24 docs)
2,Browser Automation,(16 docs)
3,Run,(14 docs)
4,Programming Language,(13 docs)
5,Software Testing,(13 docs)
6,Selenium Software,(11 docs)
7,Web Scraping,(11 docs)
8,Support,(10 docs)
9,Install,(8 docs)
10,Retrieved,(8 docs)
11,Selenium is a Web Automation Framework,(8 docs)
12,Element,(7 docs)
13,Process,(7 docs)
14,Ruby,(7 docs)
15,Talk,(7 docs)
16,Firefox,(6 docs)
17,CERN Document Server CDS,(4 docs)
18,Release,(4 docs)
19,EuroPython 2017,(3 docs)
20,Option,(3 docs)
21,Robot Framework,(3 docs)
22,Selenium Python Bindings provides a Simple API,(3 docs)
23,Bronze Badges,(2 docs)
24,Command Line,(2 docs)
25,Driver,(2 docs)
26,Duration,(2 docs)
27,GitHub,(2 docs)
28,Instagram Bot,(2 docs)
29,Invents,(2 docs)
30,Landing Pages Webobject Retrieval Performance Evaluation,(2 docs)
31,Publication Biocatalytic Synthesis of 2-Seleno Pyrimidine Nucleosides,(2 docs)
32,Published,(2 docs)
33,Other topics,(13 docs)
