,title,description,url,source,cluster
0,1Selenium with Python ‚Äî Selenium Python Bindings 2 documentation,8.2. Does Selenium 2 support XPath 2.0 ? 8.3. How to scroll down to the bottom of a page ? 8.4. How to auto save files using custom Firefox profile ? 8.5. How to upload files into file inputs ? 8.6. How to use firebug with Firefox ? 8.7. How to take ‚Ä¶,https://selenium-python.readthedocs.io/,BINGGOOGLE,Support Firefox
1,2Selenium Python Tutorial - GeeksforGeeks,"Selenium is a powerful tool for controlling web browsers through programs and performing browser automation. It is functional for all browsers, works on all major OS and its scripts are written in various languages i.e Python, Java, C#, etc, we will ‚Ä¶",https://www.geeksforgeeks.org/selenium-python-tutorial/,BINGGOOGLE,Python Tutorial Browser Automation Programming Language
2,3Selenium Webdriver with Python: Tutorial with Example - Guru99,"Selenium supports Python and thus can be utilized as Selenium WebDriver with Python for testing.. Python is easy compared to other programming languages, having far less verbose. The Python APIs empower you to connect with the browser through ‚Ä¶",https://www.guru99.com/selenium-python.html,BINGGOOGLE,Selenium WebDriver Python Tutorial Programming Language Support
3,4selenium ¬∑ PyPI - The Python Package Index,"Installing. If you have pip on your system, you can simply install or upgrade the Python bindings:. pip install -U selenium Alternately, you can download the source distribution from PyPI (e.g. selenium-3.141.0.tar.gz), unarchive it, and run:. ‚Ä¶",https://pypi.org/project/selenium/,BINGGOOGLE,Run Install
4,52. Getting Started ‚Äî Selenium Python Bindings 2 documentation,2.3. Using Selenium to write tests Selenium is mostly used for writing test cases. The selenium package itself doesn‚Äôt provide a testing tool/framework. You can write test cases using Python‚Äôs unittest module. The other options for a tool/framework ‚Ä¶,https://selenium-python.readthedocs.io/getting-started.html,BINGGOOGLE,Option
5,6Modern Web Automation With Python and Selenium ‚Äì Real Python,"In this tutorial you‚Äôll learn advanced Python web automation techniques: using Selenium with a ‚Äúheadless‚Äù browser, exporting the scraped data to CSV files, and wrapping your scraping code in a Python class.",https://realpython.com/modern-web-automation-with-python-and-selenium/,BINGGOOGLE,Python Tutorial Browser Automation Web Scraping
6,7Selenium WebDriver with Python Tutorial - javatpoint,"Selenium with Python Tutorial. In this tutorial, we will learn how to run a Selenium test script using Python Programming language. Before going further in this tutorial, first, we will understand some essential points which will help us to ‚Ä¶",https://www.javatpoint.com/selenium-python,BINGGOOGLE,Selenium WebDriver Python Tutorial Run Programming Language
7,"8Python Selenium Tutorial #1 - Web Scraping, Bots & Testing ‚Ä¶","This selenium tutorial is designed for beginners to learn how to use the python selenium module to perform web scraping, web testing and create website bots.",https://www.youtube.com/watch?v=Xjv1sY630Uc,BINGGOOGLE,Python Tutorial Web Scraping
8,9Selenium (software),"C#, Groovy, Java, Perl, PHP, Python, Ruby and Scala. The tests can then run against most modern web browsers. Selenium runs on Windows, Linux, and macOS ‚Ä¶",https://en.wikipedia.org/wiki/Selenium_(software),WIKIPEDIA,Run Software Testing Selenium Software Ruby
9,10Python Testing with Selenium: Learn to Implement Different Testing Techniques Using the Selenium WebDriver,CERN Document Server (CDS),http://cds.cern.ch/record/2745391,BASE,Selenium WebDriver CERN Document Server CDS
10,11Python (programming language),"ModuleCounts. Retrieved 5 November 2019. ""20+ Python Web Scraping Examples (Beautiful Soup & Selenium) - Like Geeks"". likegeeks.com. 5 December 2017 ‚Ä¶",https://en.wikipedia.org/wiki/Python_(programming_language),WIKIPEDIA,Programming Language Web Scraping Retrieved
11,12Learning selenium testing tools with Python,"If you are a quality testing professional, or a software or web application developer looking to create automation test scripts for your web applications, with an interest in Python, then this is the perfect guide for you. Python developers who need‚Ä¶",http://cds.cern.ch/record/1986956,BASE,Software Testing Selenium Software
12,13Selenium - Web Automation with Python - Python Tutorial,"Selenium is a web automation framework. It starts a web browser and any task that can be done typically on the web, Selenium+Python can do for you.",https://pythonspot.com/selenium/,BING,Python Tutorial Browser Automation Selenium is a Web Automation Framework
13,141. Installation ‚Äî Selenium Python Bindings 2 documentation,Selenium Python bindings provides a simple API to write functional/acceptance tests using Selenium WebDriver. Through Selenium Python API you can access ‚Ä¶,https://selenium-python.readthedocs.io/installation.html,GOOGLE,Selenium WebDriver Install Selenium Python Bindings provides a Simple API
14,15How to build a Web Scraper or Bot in Python using Selenium | by ‚Ä¶,"First, we import webdriver from the selenium library. Then we initialize all the necessary variables, i.e When you run the python script above, an instance of chromedriver with google home page‚Ä¶",https://towardsdatascience.com/how-to-build-a-web-scraper-or-bot-in-python-using-selenium-2815f20023f7,BINGGOOGLE,Selenium WebDriver Run
15,16Katalon Studio,"such as C#, Java, and Python. Katalium is a framework that provides a blueprint for test automation projects based on Selenium and TestNG. The framework ‚Ä¶",https://en.wikipedia.org/wiki/Katalon_Studio,WIKIPEDIA,Other topics
16,17Testing web apps with Selenium,"Abstract ; Michal Ho≈ôej≈°ek - Testing web apps with Selenium ‚ÄûSelenium automates browser.‚Äú Selenium can be used as tool for testing web applications. At first it can be pretty hard to start testing with Selenium, but later on it can be even harder. I‚Ä¶",https://doi.org/10.5446/20166,BASE,Browser Automation
17,18Robot Framework,"3.0.2 was released February 7, 2017. The framework is written using the Python programming language and has an active community of contributors. It is ‚Ä¶",https://en.wikipedia.org/wiki/Robot_Framework,WIKIPEDIA,Programming Language Release Robot Framework
18,19Benchmarking configurations for web-testing:Selenium versus Watir,"Benefits of testing automation according to current literature are reusability, repeatability and effort saved in test execution, while some of the current difficulties lie in maintainability, initial investment and test case creation. This thesis‚Ä¶",http://urn.fi/URN:NBN:fi:oulu-201605251903,BASE,Other topics
19,20Selenium Python Beginners Tutorial for Automation Testing ‚Ä¶,"For more chapters on Selenium Python web automation testing ‚Äì Check out this great tutorial by the Automation Panda! üêºüêç In this example, we won‚Äôt be utilizing any frameworks and will instead focus on the core Selenium so as not to detract from how ‚Ä¶",https://blog.testproject.io/2020/06/16/selenium-python-beginners-tutorial-for-automation-testing/,BING,Python Tutorial Selenium is a Web Automation Framework
20,21ChroPath,"release was published on Chrome in April 2017. ChroPath was presented in Selenium Conf on June 30 by Kumar. In May 2018, Kumar launched the ChroPath for ‚Ä¶",https://en.wikipedia.org/wiki/ChroPath,WIKIPEDIA,Release Published
21,22A Survey of the Selenium Ecosystem,"Selenium is often considered the de-facto standard framework for end-to-end web testing nowadays. It allows practitioners to drive web browsers (such as Chrome, Firefox, Edge, or Opera) in an automated fashion using different language bindings (such‚Ä¶",https://doi.org/10.3390/electronics9071067,BASE,Browser Automation Selenium is a Web Automation Framework Firefox
22,23Selenium Using Python: All You Need to Know | Edureka,"If you ask a lazy programmer which is his favorite programming language, there is a high probability that you will get ‚ÄúPython‚Äù as an answer.Python is considered as one of the most popular and in-demand programming languages. As you all might be ‚Ä¶",https://www.edureka.co/blog/selenium-using-python/,BING,Programming Language
23,24Headless browser,"engine. SlimerJS uses the same API language as PhantomJS. Headless computer Selenium WebDriver Test automation Web scraping Web testing ""What is a headless ‚Ä¶",https://en.wikipedia.org/wiki/Headless_browser,WIKIPEDIA,Selenium WebDriver Browser Automation Web Scraping
24,25Docker Image Selenium Test : A proof of concept for automating testing,The elderly social care IT company Phoniro is developing solutions for deploying software using docker technologies. To secure quality in their deploy pipelines Phoniro would like to do automatic selenium testing within Docker containers. The‚Ä¶,http://urn.kb.se/resolve?urn=urn:nbn:se:hh:diva-43032,BASE,Software Testing Selenium Software
25,26The Most Detailed Selenium WebDriver Tutorial With Python,1 Dec 2020 ¬∑ Selenium WebDriver. Selenium WebDriver is an automated testing framework used for the validation of websites (and web applications). It ‚Ä¶,https://www.lambdatest.com/blog/selenium-webdriver-with-python/,GOOGLE,Selenium WebDriver Python Tutorial Selenium is a Web Automation Framework
26,27Cucumber (software),"automation. However, it does work well with existing programs such as Selenium and WATiR-WebDriver. It does support running tests with transactions through ‚Ä¶",https://en.wikipedia.org/wiki/Cucumber_(software),WIKIPEDIA,Run Software Testing Selenium Software Support
27,28Automation Testing With Robot Framework,"Software testing is now a key part of the software development process. Especially, automation testing is more and more required by companies. The goal of the project was to use Robot Framework to build tests that perform automation testing of an‚Ä¶",http://www.theseus.fi/handle/10024/111023,BASE,Software Testing Process Robot Framework
28,29The Most Detailed Selenium WebDriver Tutorial With Python ‚Ä¶,"Selenium WebDriver is among one of the most popular tools when it comes to Web UI automation. The Selenium framework can be used with a wide range of programming languages such as Python, Java, C#‚Ä¶",https://medium.com/python-in-plain-english/the-most-detailed-selenium-webdriver-tutorial-with-python-18d27dbd95fb,BING,Selenium WebDriver Python Tutorial Programming Language Selenium is a Web Automation Framework
29,30Comparison of web frameworks,"6 January 2021. ""Release 1.1.2"". 3 April 2020. Retrieved 4 April 2020. ""Python 2.7 release notes"". Retrieved 18 December 2020. ""Release 3.2"". 2 September ‚Ä¶",https://en.wikipedia.org/wiki/Comparison_of_web_frameworks,WIKIPEDIA,Retrieved Release
30,"31Hands-on web scraping with Python: perform advanced scraping operations using various Python libraries and tools such as Selenium, Regex, and others",CERN Document Server (CDS),http://cds.cern.ch/record/2704238,BASE,Web Scraping CERN Document Server CDS
31,32selenium webdriver - Python Tutorial,"Selenium is a web automation framework that can be used to automate website testing. Because Selenium starts a webbrowser, it can do any task you would normally do on the web. If you are new to selenium and browser automation, I recommend the course ‚Ä¶",https://pythonspot.com/selenium-webdriver/,BING,Selenium WebDriver Python Tutorial Browser Automation Selenium is a Web Automation Framework
32,33Comparison of GUI testing tools,"Automation Tool"". Sahi Pro Website. Retrieved 2014-09-02. ""What is Selenium?"". Selenium HQ. Retrieved 2014-09-02. ""Silk Test Overview"" (PDF). ""Parasoft Launches ‚Ä¶",https://en.wikipedia.org/wiki/Comparison_of_GUI_testing_tools,WIKIPEDIA,Retrieved
33,34Python testing cookbook: easy solutions to test your Python projects using test-driven development and Selenium,CERN Document Server (CDS),http://cds.cern.ch/record/2634422,BASE,CERN Document Server CDS
34,35How to Code a Scraping Bot with Selenium and Python,"Selenium is a tool designed to help you run automated tests in web applications. It is available in several different programming languages. Although it‚Äôs not its main purpose, Selenium is also used in Python for web scraping, because it can access ‚Ä¶",https://www.freecodecamp.org/news/how-to-code-a-scraping-bot-with-selenium-and-python/,BING,Run Programming Language Web Scraping
35,36Selenium with Python : Getting Started with Automation | BrowserStack,23 Jul 2019 ¬∑ Learn to use Selenium Python to run web automation tests with ease in this step-by-step tutorial. A detailed guide for beginners to run first test ‚Ä¶,https://www.browserstack.com/guide/python-selenium-to-run-web-automation-test,GOOGLE,Python Tutorial Run
36,37Perforce,"software developer TestCraft Technologies, a provider of an automated Selenium-based web application testing solution. In July, Perforce acquired software ‚Ä¶",https://en.wikipedia.org/wiki/Perforce,WIKIPEDIA,Software Testing
37,38Effectively test your webapp with Python and Selenium,"Abstract ; Andrei Coman - Effectively test your webapp with Python and Selenium How often do you run your Selenium test suite? How fast do you get a result from it? Would you like to answer with: ""Whenever I feel like it"" and ""Well, about the time‚Ä¶",https://doi.org/10.5446/21097,BASE,Run
38,39Wait until page is loaded with Selenium WebDriver for Python.,Selenium Automation Testing Testing Tools Python We can wait until the page is loaded with Selenium webdriver. There is a synchronization concept in Selenium which describes implicit and explicit wait.,https://www.tutorialspoint.com/wait-until-page-is-loaded-with-selenium-webdriver-for-python,BING,Selenium WebDriver
39,40Selenium Webdriver Python Tutorial for Web Automation Testing,Selenium WebDriver Client Library for Python enables us to utilize all the features available with Selenium WebDriver and interact with Selenium Standalone ‚Ä¶,https://www.techbeamers.com/selenium-webdriver-python-tutorial/,GOOGLE,Selenium WebDriver Python Tutorial
40,41TestComplete,"Choice Awards as the Best in the Testing/QA Tool category: 2003, 2004 Selenium (software) Test automation GUI software testing List of GUI testing tools ‚Ä¶",https://en.wikipedia.org/wiki/TestComplete,WIKIPEDIA,Software Testing Selenium Software
41,42Application Research of Crawler and Data Analysis Based on Python,Directory of Open Access Journals: DOAJ Articles,https://doi.org/10.21307/ijanmc-2020-018,BASE,Other topics
42,43python - Element not interactable selenium - Stack Overflow,Selenium Webdriver :- Element Not Interactable Exception for the search option Hot Network Questions Is it at all possible for the sun to revolve around as many barycenters as we have planets in our solar system?,https://stackoverflow.com/questions/56119289/element-not-interactable-selenium,BING,Selenium WebDriver Element Option
43,44Selenium Python Tutorial for Beginners - YouTube,7 Apr 2020 ¬∑ Edureka Selenium Certification Training: https://www.edureka.co/selenium-certification ‚Ä¶Duration: 56:12 Posted: 7 Apr 2020 ‚Ä¶,https://www.youtube.com/watch?v=ZPyZaXhdXDU,GOOGLE,Python Tutorial Duration
44,45JavaScriptMVC,"architectures. Tests can be run on the command line with Rhino, using Selenium and during development with the integrated test console pop-up window.",https://en.wikipedia.org/wiki/JavaScriptMVC,WIKIPEDIA,Run Command Line
45,46Approaching the largest ‚ÄòAPI‚Äô: extracting information from the Internet with Python,"This article explores the need for libraries to algorithmically access and manipulate the world‚Äôs largest API: the Internet. The billions of pages on the ‚ÄòInternet API‚Äô (HTTP, HTML, CSS, XPath, DOM, etc.) are easily accessible and manipulable.‚Ä¶",https://doaj.org/article/eba6e6e099634674b83aca73e6630f33,BASE,Other topics
46,47Python Selenium Chrome Webdriver - Stack Overflow,I'm beginning the automate the boring stuff book and I'm trying to open a chrome web browser through python. I have already installed selenium and I have tried to run this file: from selenium imp ‚Ä¶,https://stackoverflow.com/questions/42478591/python-selenium-chrome-webdriver,BING,Selenium WebDriver Browser Automation Run Install
47,48Selenium Python Beginner Tutorial - Learn Selenium Python in one ‚Ä¶,17 Sep 2017 ¬∑ Free Tutorials - https://automationstepbystep.com/Environment Variable setup: 4:08Learn ‚Ä¶Duration: 32:13 Posted: 17 Sep 2017 ‚Ä¶,https://www.youtube.com/watch?v=FFDDN1C1MEQ,GOOGLE,Python Tutorial Duration
48,49List of web testing tools,"Yes Sahi Script Yes Yes Yes Selenium Yes (IE, Firefox, Chrome, Safari, Opera, Edge) Yes Ruby, Java, NodeJS, PHP, Perl, Python, C#, Groovy Firefox and Chrome ‚Ä¶",https://en.wikipedia.org/wiki/List_of_web_testing_tools,WIKIPEDIA,Ruby Firefox
49,50Investigating Selenium Usage Challenges and Reducing the Performance Overhead of Selenium-based Load Tests,Selenium automates the testing of web applications. Quality Assurance (QA) engineers usually write Selenium scripts to test the content that is rendered in a browser and simulate user interactions with the web content for web applications. Apart‚Ä¶,http://hdl.handle.net/1974/25991,BASE,Browser Automation
50,51How to get data from a web-page using Selenium in Python?,javascript python selenium parsing selenium-webdriver. Share. Follow edited Oct 14 '20 at 14:10. amateur. asked Oct 14 '20 at 13:39. amateur amateur. 15 6 6 bronze badges. 2. Is the URL is public if yes please share. ‚Äì Dev Oct 14 '20 at 13:48.,https://stackoverflow.com/questions/64354596/how-to-get-data-from-a-web-page-using-selenium-in-python,BING,Bronze Badges
51,52Web Scraping Using Selenium Python | Selenium for Web Scraping,"Most popular libraries or frameworks that are used in Python for Web ‚Äì Scrapping are BeautifulSoup, Scrappy & Selenium. In this article, we‚Äôll talk about Web-scrapping using Selenium in Python. And the cherry on top we‚Äôll see how can we gather ‚Ä¶",https://www.analyticsvidhya.com/blog/2020/08/web-scraping-selenium-with-python/,BINGGOOGLE,Web Scraping Talk
52,53Infrared,"E=J(T,n)}. 1873: Willoughby Smith discovered the photoconductivity of selenium. 1878: Samuel Pierpont Langley invents the first bolometer, a device which ‚Ä¶",https://en.wikipedia.org/wiki/Infrared,WIKIPEDIA,Invents
53,54BDD: You‚Äôre doing it wrong!,Abstract ; Rafa≈Ç Nowicki - BDD: You‚Äôre doing it wrong! Talk about mistakes we made and best practises we have elaborated while implementation Behave Driven Development into one of the projects. Great idea to coverage whole application with‚Ä¶,https://doi.org/10.5446/20189,BASE,Talk
54,55Selenium 4 With Python: All You Need To Know,Features Of Python In Selenium 4. Here is the shortlist of features available in Selenium Python 4.0.0.a7: ‚ÄòRelative Locators‚Äô for locating web elements. Python in Selenium 4 or Python language bindings for WebDriver supports relative locator ‚Ä¶,https://www.lambdatest.com/blog/selenium-with-python/,BING,Selenium WebDriver Support Element
55,56Run Selenium tests with Python | BrowserStack Docs,Your guide to running Selenium Webdriver tests with Python on BrowserStack. Introduction. BrowserStack gives you instant access to our Selenium Grid of 2000+ ‚Ä¶,https://www.browserstack.com/docs/automate/selenium/getting-started/python,GOOGLE,Selenium WebDriver Run
56,57Python Selenium tutorial - automating testing with Selenium in Python,Python Selenium tutorial shows how to automate web application tests with Selenium framework in Python. Selenium is a portable framework for testing web applications.,https://zetcode.com/python/selenium/,BINGGOOGLE,Python Tutorial Selenium is a Web Automation Framework
57,58List of trademarked open-source software,"6, 2004 Python Python Software Foundation May 5, 2005 Qt Nokia February 1, 2001 ReactOS ReactOS Foundation (Russia) February 20, 2008 Selenium Software ‚Ä¶",https://en.wikipedia.org/wiki/List_of_trademarked_open-source_software,WIKIPEDIA,Selenium Software
58,59Evaluating tools and techniques for web scraping ; Utv√§rdering av verktyg f√∂r webbskrapning,"The purpose of this thesis is to evaluate state of the art web scraping tools. To support the process, an evaluation framework to compare web scraping tools is developed and utilised, based on previous work and established software comparison‚Ä¶",http://urn.kb.se/resolve?urn=urn:nbn:se:kth:diva-271206,BASE,Web Scraping Support Process
59,60Getting started - ChromeDriver - WebDriver for Chrome,(Python only) include the path to ChromeDriver when instantiating webdriver.Chrome (see sample below). Sample test. Java: import org.openqa.selenium.*; import ‚Ä¶,https://chromedriver.chromium.org/getting-started,GOOGLE,Other topics
60,61Acceptance testing,test framework based on Javascript and Node.js Ranorex Robot Framework Selenium Specification by example (Specs2) Watir Acceptance sampling Conference ‚Ä¶,https://en.wikipedia.org/wiki/Acceptance_testing,WIKIPEDIA,Robot Framework
61,62Front-end testing with Python,"Abstract ; Front-end testing with Python [EuroPython 2017 - Talk - 2017-07-10 - PyCharm Room] [Rimini, Italy] Web-developers use Python to develop web-applications, serving HTML or JSON content to user's browsers which render it. We test our‚Ä¶",https://doi.org/10.5446/33806,BASE,Talk EuroPython 2017
62,63Introduction to Selenium in Python 3 ‚Äì Linux Hint,"Selenium is a framework used for testing web applications. Selenium automates a browser, such as Chrome or Firefox, to run tests on your desired website.",https://linuxhint.com/introduction_selenium_python/,GOOGLE,Browser Automation Run Selenium is a Web Automation Framework Firefox
63,64PowerShell,"""EqualLogic HIT-ME with PowerShell"". Retrieved 2012-03-09. de:LOGINventory ""Selenium PowerShell eXtensions"". Retrieved 2012-08-20. ""Pash"". SourceForge. Dice ‚Ä¶",https://en.wikipedia.org/wiki/PowerShell,WIKIPEDIA,Retrieved
64,65Automating Instagram with Python and Selenium,"Abstract ; Automating Instagram with Python and Selenium [EuroPython 2017 - Talk - 2017-07-12 - Anfiteatro 1] [Rimini, Italy] In this talk about using Selenium and Python for social media automation you will get some insights into growing your own‚Ä¶",https://doi.org/10.5446/33807,BASE,Talk EuroPython 2017
65,66How To Drag And Drop In Selenium With Python?,"Using Python Selenium bindings, software testing engineers write automated functional or acceptance test cases and have access to all the features of Selenium WebDriver. This is an overview of command line commands for Windows to install and start ‚Ä¶",https://www.lambdatest.com/blog/drag-and-drop-in-selenium-python/,BING,Selenium WebDriver Software Testing Selenium Software Install Command Line
66,67selenium maximize - Python Tutorial,"selenium maximize. Maximization of a web browser through the Web Driver (Python selenium) is very easy. In short, all you have you have to do is start the ‚Ä¶",https://pythonbasics.org/selenium-maximize/,GOOGLE,Python Tutorial Driver
67,68FitNesse,"but versions for several other languages have been added over time (C++, Python, Ruby, Delphi, C#, etc.). FitNesse was originally designed as a highly usable ‚Ä¶",https://en.wikipedia.org/wiki/FitNesse,WIKIPEDIA,Ruby
68,69OptiRun - A Platform for Optimized Test Execution in Distributed Environments,"Master's Thesis in Computer science ; Computer systems have grown to play an essential role in our society. Software testing is an important asset of the software development process, as it serves to evaluate the quality of the software object being‚Ä¶",http://hdl.handle.net/11250/2413892,BASE,Software Testing Process
69,"70Web UI Testing Made Easy with Python, Pytest and Selenium ‚Ä¶","Installing Selenium WebDriver Using Python and Chrome (Chapter 3) Write Your First Web Test Using Selenium WebDriver, Python and Chrome (Chapter 4) Develop Page Object Selenium Tests Using Python (Chapter 5) How to Read Config Files in Python ‚Ä¶",https://blog.testproject.io/2019/07/16/web-ui-testing-python-pytest-selenium-webdriver/,BING,Selenium WebDriver Install
70,71SeleniumHQ/selenium: A browser automation framework ‚Ä¶ - GitHub,Selenium. Python workflow Ruby workflow JavaScript workflow Java workflow. Selenium is an umbrella project encapsulating a variety of tools and libraries ‚Ä¶,https://github.com/SeleniumHQ/selenium,GOOGLE,Browser Automation Ruby GitHub
71,72Selenium Python Tutorial For Beginners - Software Testing Help,"In this Selenium Python tutorial learn to code and execute Selenium Test Script using Python Programming Language in different web browsers: Over the past 5 years, Python language has shown exponential growth in the industry mainly because it is ‚Ä¶",https://www.softwaretestinghelp.com/selenium-python-tutorial/,BINGGOOGLE,Python Tutorial Programming Language Software Testing Selenium Software
72,73Software Freedom Conservancy,Mercurial Metalink North Bay Python OpenChange OpenTripPlanner OpenWrt Outreachy phpMyAdmin PyPy QEMU Reproducible Builds Samba Selenium Spec-Ops Squeak Sugar ‚Ä¶,https://en.wikipedia.org/wiki/Software_Freedom_Conservancy,WIKIPEDIA,Selenium Software
73,74Lightning Talks,"Abstract ; Various speakers - Lightning Talks Lightning talks, presented by Harald Massa - Vitalii Vokhmin - Deploying a Hobby App in Seconds - Jernej Makovsek - Selenium Components - David Terry - Model-Based Testing - Rafael - Considerations at‚Ä¶",https://doi.org/10.5446/21235,BASE,Talk
74,75Python Selenium Tutorial - Make your own bot - DEV Community,"22 Sep 2020 ¬∑ In this tutorial you'll be making a simple Reddit bot using Python and Selenium Webdriver. While this tutorial uses Python specifically, the code ‚Ä¶",https://dev.to/renaissanceengineer/python-selenium-tutorial-make-your-own-bot-keh,GOOGLE,Selenium WebDriver Python Tutorial
75,76Sonification,"d'Albe of University of Birmingham invented the optophone, which used selenium photosensors to detect black print and convert it into an audible output ‚Ä¶",https://en.wikipedia.org/wiki/Sonification,WIKIPEDIA,Invents
76,"77Test-driven development with Python: obey the testing goat : using Django, Selenium, and JavaScript",CERN Document Server (CDS),http://cds.cern.ch/record/2282136,BASE,CERN Document Server CDS
77,78Selenium WebDriver with Python - Test Automation University,"This course is an introduction to Selenium WebDriver with Python. I'm sure you've heard, but Python is really hot right now. According to several surveys, it is ‚Ä¶",https://testautomationu.applitools.com/selenium-webdriver-python-tutorial/,GOOGLE,Selenium WebDriver
78,79List of unit testing frameworks,"under linux"". ""25.3. unittest ‚Äì Unit testing framework ‚Äì Python 2.7.10 documentation"". python.org. Retrieved 23 June 2015. ""Note to Users ‚Äì nose 1.3.7 ‚Ä¶",https://en.wikipedia.org/wiki/List_of_unit_testing_frameworks,WIKIPEDIA,Retrieved
79,80Test automation for Flex Application : Case: Landis+Gyr Oy,"Test automation has become more and more popular since it helps to save time, and with test automation, tasks impossible to carry out with manual testing can be performed. The thesis was assigned by Landis+Gyr Oy, an international company that‚Ä¶",http://www.theseus.fi/handle/10024/132178,BASE,Other topics
80,81send_keys() element method - Selenium Python - GeeksforGeeks,"Selenium Python bindings provides a simple API to write functional/acceptance tests using Selenium WebDriver. To open a webpage using Selenium Python, checkout ‚Äì Navigating links using get method ‚Äì Selenium Python. Just being able to go to places ‚Ä¶",https://www.geeksforgeeks.org/send_keys-element-method-selenium-python/,BING,Selenium WebDriver Element Selenium Python Bindings provides a Simple API
81,82Selenium WebDriver With Python 3.x - Novice To Ninja - Udemy,"This course includes a wide range of topics from Selenium WebDriver Basics and Advanced, Python Programming Concepts, Unittest And Pytest Framework, ‚Ä¶",https://www.udemy.com/course/selenium-webdriver-with-python3/,GOOGLE,Selenium WebDriver
82,83Open-source model,"sensors with the programming languages C, C++, C#, Object Pascal, Java, PHP, Python and Ruby over a USB or Wifi connection on Windows, Linux and Mac OS X. All ‚Ä¶",https://en.wikipedia.org/wiki/Open-source_model,WIKIPEDIA,Programming Language Ruby
83,84Practical web scraping for data science: best practices and examples with Python,"This book provides a complete and modern guide to web scraping, using Python as the programming language, without glossing over important details or best practices. Written with a data science audience in mind, the book explores both scraping and‚Ä¶",https://eprints.soton.ac.uk/425855/,BASE,Programming Language Web Scraping
84,85How to select a drop-down menu option value with Selenium ‚Ä¶,How to select a drop-down menu option value with Selenium (Python)? Selenium Automation Testing Testing Tools. We can select a drop-down menu option value with Selenium webdriver. The Select class in Selenium is used to handle drop-down. In an html ‚Ä¶,https://www.tutorialspoint.com/how-to-select-a-drop-down-menu-option-value-with-selenium-python,BING,Selenium WebDriver Option
85,86Getting Started with Selenium and Python - Stack Abuse,"It supports many languages such as C#, Java, Perl, PHP, and Ruby, though for the sake of this tutorial, we'll be using it with Python on Windows. What is Selenium ‚Ä¶",https://stackabuse.com/getting-started-with-selenium-and-python/,GOOGLE,Python Tutorial Support Ruby
86,87Free-space optical communication,"Journal of Science. Third Series. XX (118): 305‚Äì324. also published as ""Selenium and the Photophone"" in Nature, September 1880. ""German, WWII, WW2, Lichtsprechger√§t ‚Ä¶",https://en.wikipedia.org/wiki/Free-space_optical_communication,WIKIPEDIA,Published
87,88Web crawling and scraping : developing a sale-based website,Most customers spend a fair amount of time searching various items that are on discount. Retailers try to attract as many customers as possible with discounts. While there are ample web sites that offer the service of providing information of‚Ä¶,http://www.theseus.fi/handle/10024/93110,BASE,Web Scraping
88,89How to Automate Login using Selenium in Python - Python Code,"Selenium WebDriver is a browser-controlling library, it supports all major browsers (Firefox, Edge, Chrome, Safari, Opera, etc.) and is available for different programming languages including Python. In this tutorial, we will be using its Python ‚Ä¶",https://www.thepythoncode.com/article/automate-login-to-websites-using-selenium-in-python,BING,Selenium WebDriver Python Tutorial Browser Automation Programming Language Support Firefox
89,90Get Started With Selenium and Python Automation - JC Chouinard,Easy tutorial to help non-developers install Selenium Webdriver using Python. Selenium Webdriver is an amazing tool for SEO automation. Learn Python by JC ‚Ä¶,https://www.jcchouinard.com/learn-selenium-python-seo-automation/,GOOGLE,Selenium WebDriver Python Tutorial Install
90,91Reverse Monte Carlo,is a multicore RMC modeling package. fullrmc is a fully object-oriented python interfaced package where every definition can be overloaded allowing easy ‚Ä¶,https://en.wikipedia.org/wiki/Reverse_Monte_Carlo,WIKIPEDIA,Other topics
91,"92Supplementary Information for ""Biocatalytic synthesis of 2-Seleno pyrimidine nucleosides via transglycosylation""","This is the external Supplementary Information for our publication ""Biocatalytic synthesis of 2-Seleno pyrimidine nucleosides via transglycosylation"". The .pdf file contains the Supplementary Information: author contributions and supplementary items.‚Ä¶",https://zenodo.org/record/4302198,BASE,Publication Biocatalytic Synthesis of 2-Seleno Pyrimidine Nucleosides
92,93Selenium and Python - CrossBrowserTesting Support,Getting Started With Selenium + Python. Selenium is a great tool to automate our functional tests on websites and web applications in our favorite language.,https://help.crossbrowsertesting.com/selenium-testing/getting-started/python/,GOOGLE,Support
93,94List of FLOSS Weekly episodes,"22, 2006 Jeff Bates Slashdot Episode 11 August 4, 2006 Guido van Rossum Python Episode 12 August 11, 2006 Rasmus Lerdorf PHP Episode 13 September 27, 2006 ‚Ä¶",https://en.wikipedia.org/wiki/List_of_FLOSS_Weekly_episodes,WIKIPEDIA,Other topics
94,95Dataset for WWW landing pages webobject retrieval performance evaluation,This dataset describes data obtained from a multi-day World Wide Web (WWW) measurement campaign distributed internationally across multiple Amazon Web Service (AWS) datacentres. The Chrome web browser was controlled by the Selenium framework to make‚Ä¶,http://www.ncbi.nlm.nih.gov/pmc/articles/PMC7118300/,BASE,Retrieved Landing Pages Webobject Retrieval Performance Evaluation
95,96Checking if element exists with Python Selenium.,"We can check if an element exists with Selenium webdriver. There are multiple ways to achieve this. We can introduce a try / except block. In the except block, we shall throw the NoSuchElementException in case the element does not exist on the page. ‚Ä¶",https://www.tutorialspoint.com/checking-if-element-exists-with-python-selenium,BING,Selenium WebDriver Element
96,97Selenium Python Bindings 2 documentation,Selenium Python bindings provides a simple API to write functional/acceptance tests using Selenium WebDriver. Through Selenium Python API you can access ‚Ä¶,https://doc.bccnsoft.com/docs/selenium-python-2.45.0/,GOOGLE,Selenium WebDriver Selenium Python Bindings provides a Simple API
97,98Meanings of minor planet names: 13001‚Äì14000,"Berzelius is also credited with identifying the chemical elements silicon, selenium, thorium and cerium JPL ¬∑ 13109 13111 Papacosmas 1993 OW1 Constantine Papacosmas ‚Ä¶",https://en.wikipedia.org/wiki/Meanings_of_minor_planet_names:_13001‚Äì14000,WIKIPEDIA,Element
98,99Dataset for WWW landing pages webobject retrieval performance evaluation,This dataset describes data obtained from a multi-day World Wide Web (WWW) measurement campaign distributed internationally across multiple Amazon Web Service (AWS) datacentres. The Chrome web browser was controlled by the Selenium framework to make‚Ä¶,https://doi.org/10.1016/j.dib.2020.105429,BASE,Retrieved Landing Pages Webobject Retrieval Performance Evaluation
99,100Python Selenium - get href value - Stack Overflow,python selenium xpath css-selectors webdriverwait. Share. Follow edited Jul 9 '20 at 18:20. DebanjanB. 109k 23 23 gold badges 148 148 silver badges 199 199 bronze badges. asked Feb 25 '19 at 8:48. Eric Choi Eric Choi. 335 2 2 gold badges 4 4 silver ‚Ä¶,https://stackoverflow.com/questions/54862426/python-selenium-get-href-value,BING,Bronze Badges
100,101CHAT : City Error Handling through Instagram and FixaMinGata,"Deficient public infrastructure always causes significant complications to citizens‚Äô daily travelling. However, it is hard for authorities to discover all the problems that suddenly occur on the road. To address these issues, one direction is to‚Ä¶",http://urn.kb.se/resolve?urn=urn:nbn:se:hh:diva-23039,BASE,Other topics
101,102How To Switch Tabs In A Browser Using Selenium Python?,"Selenium automation has made life much easier for automation testers, especially with cases like Python Selenium switch tab automation. In this blog, we dig deeper into how to perform Selenium switch tabs Python.",https://www.lambdatest.com/blog/python-selenium-switch-tabs/,BING,Browser Automation
102,"103Supplementary Information for ""Biocatalytic synthesis of 2-Seleno pyrimidine nucleosides via transglycosylation""","This is the external Supplementary Information for our publication ""Biocatalytic synthesis of 2-Seleno pyrimidine nucleosides via transglycosylation"". The .pdf file contains the Supplementary Information: author contributions and supplementary items.‚Ä¶",https://zenodo.org/record/4302013,BASE,Publication Biocatalytic Synthesis of 2-Seleno Pyrimidine Nucleosides
103,104How To Install Python Selenium In Linux,Install Python Selenium In Linux and use with Google Chrome headless . abhiphull. Read more posts by this author. abhiphull. 27 Aug 2020 ‚Ä¶,https://www.ultralinux.org/post/how-to-install-selenium-python-in-linux/,BING,Install
104,105Automating Your Browser and Desktop Apps,"Abstract ; This talk is an introduction to using the Requests, Beautiful Soup, Selenium, and PyAutoGUI modules in order to automatically grab data from the web or interact with desktop applications. Attendees will learn: How to download files and‚Ä¶",https://doi.org/10.5446/32797,BASE,Browser Automation Talk
105,106Interactive Sketchmap Visualizer,# Interactive Sketchmap Visualizer A software development project to build a web-based interactive platform for analysing a large set of atomic structures and their properties. Sketchmap is a nonlinear dimensionality reduction algorithm which falls‚Ä¶,https://zenodo.org/record/3541831,BASE,Other topics
106,107Browser Automation with Python and Selenium,"For this reason, using the Selenium library in Python, we can perform repetitive tasks with a few lines of code very quickly and in one go. What is Selenium Selenium is a web testing tool which uses simple scripts to run tests directly within a ‚Ä¶",https://www.learnandmakeit.com/browser-automation-with-python-and-selenium/,BING,Browser Automation Run
107,"108Write Your First Web Test Using Selenium WebDriver, Python and ‚Ä¶","16 Jul 2019 ¬∑ Your Python test project can be the foundation for your own test cases, too. If you are looking for a single Python Package for Android, iOS and ‚Ä¶",https://blog.testproject.io/2019/07/16/web-test-using-selenium-webdriver-python-chrome/,GOOGLE,Selenium WebDriver
108,109Robotic Process Automation : Analys och implementation,"Employees today have necessary daily tasks that do not require human handling. The objective is to investigate two processes if they are suitable for automation as well as to create and evaluate a prototype. The goals are to analyze the process,‚Ä¶",http://urn.kb.se/resolve?urn=urn:nbn:se:miun:diva-33992,BASE,Process
109,110Writing Test Cases using Python with Selenium - Reading ‚Ä¶,"Chrome # initialise a driver that is using the chrome driver for selenium driver. get (path) # redirects the driver to that url path assert ""Python"" in driver. title # a test case which checks if the title contains the ""Python"" driver. close # ‚Ä¶",https://www.maxongzb.com/writing-test-cases-using-python-with-selenium-reading-time-4-mins/,BING,Driver
110,111category: Selenium - Python Tutorial - Pythonspot,"A web browser can be controlled using Python code, any task you would normally do on the web can be done using the selenium module. To use use selenium, ‚Ä¶",https://pythonspot.com/category/selenium/,GOOGLE,Python Tutorial
111,112Django: From a nightmare to a dream with Best Practices.,"Abstract ; Django: From a nightmare to a dream with Best Practices. [EuroPython 2017 - Talk - 2017-07-11 - Anfiteatro 1] [Rimini, Italy] With the adventure in the source code of the site of EuroPython, we have detected that the code was difficult to‚Ä¶",https://doi.org/10.5446/33802,BASE,Talk EuroPython 2017
112,113Python Code Examples using Selenium Grid,"Python Code Examples using Selenium Grid These python code examples will get you a quick start using a selenium grid to run a single test, multiple tests in parallel and also using the Py.test selenium-pytest plugin.",https://www.gridlastic.com/python-code-example.html,BING,Run
113,114Python selenium get page title - Stack Overflow,You need to take care of a couple of things as follows: To retrieve the Page Title instead of using a xpath you need to use driver.title; The ‚Ä¶,https://stackoverflow.com/questions/64793581/python-selenium-get-page-title,GOOGLE,Retrieved
114,"115Automating Test Activities: Test Cases Creation, Test Execution, And Test Reporting With Multiple Test Automation Tools","Abstract ; Software testing has become a mandatory process in assuring the software product quality. Hence, test management is needed in order to manage the test activities conducted in the software test life cycle. This paper discusses on the‚Ä¶",https://doi.org/10.5281/zenodo.1109672,BASE,Software Testing Process
115,116JavaScript Executor in Selenium Python - Software Testing ‚Ä¶,"In the previous articles on Selenium Python Tutorial, we have covered ‚ÄúHow to handle checkbox, static dropdowns and other UI elements in Selenium Python‚Äú. In this tutorial, we will learn JavaScript Executor in Selenium Python. Document Object Model ‚Ä¶",https://www.softwaretestingmaterial.com/javascript-executor-in-selenium-python/,BING,Python Tutorial Software Testing Selenium Software Element
116,117Selenium: get coordinates or dimensions of element with Python ‚Ä¶,Got it! The clue was on selenium.webdriver.remote.webelement ‚Äî Selenium 3.14 documentation. WebElements have the properties .size and .location .,https://stackoverflow.com/questions/15510882/selenium-get-coordinates-or-dimensions-of-element-with-python,GOOGLE,Element
117,"118Automating Test Activities: Test Cases Creation, Test Execution, And Test Reporting With Multiple Test Automation Tools","Abstract ; Software testing has become a mandatory process in assuring the software product quality. Hence, test management is needed in order to manage the test activities conducted in the software test life cycle. This paper discusses on the‚Ä¶",https://doi.org/10.5281/zenodo.1109673,BASE,Software Testing Process
118,119Automated Browser Testing With Opera and Selenium in Python,"We look at the final example which demonstrates test automation for Opera with Selenium Python, where cross browser testing is performed on Opera, Chrome, and Firefox web browsers.",https://dzone.com/articles/automated-browser-testing-with-opera-and-selenium,BING,Browser Automation Firefox
119,120Python & Selenium Automation Tutorial for Beginners - Learn to ‚Ä¶,"21 May 2020 ¬∑ This means that you can write tests using Selenium with any major programming language, such as Python, C#, Java, Ruby, and others. Why is ‚Ä¶",https://learn.onemonth.com/python-selenium-automation-tutorial-beginners/,GOOGLE,Python Tutorial Programming Language Ruby
120,121Test and Behaviour Driven Development with Python ; 2nd Developers@CERN Forum,"Experience has taught us that bugs are impossible to avoid when programming. Specially on continuous delivery processes where there are new versions that refactor or incorporate new modules to the project. Although, there are different tools which‚Ä¶",http://cds.cern.ch/record/2157850,BASE,Process
121,122Web Scraping Using Python Selenium | Toptal,This article demonstrates how you can employ Python and Selenium to scrape modern websites that typically can't be scraped using traditional methods due to ‚Ä¶,https://www.toptal.com/python/web-scraping-with-python,GOOGLE,Web Scraping
122,123Integration testing of Web Mapping applications (including web mapping server) using Python,"Abstract ; When you are developing applications, you need to write tests. A unit test is a test written by the programmer to verify that small piece of code is doing what it is intended to do. The tests are intended for the use of the programmer. An‚Ä¶",https://doi.org/10.5446/20398,BASE,Other topics
123,124Quick Dive into Selenium with python | Codementor,"14 Jan 2020 ¬∑ Quick Dive into Selenium with python. Image credit: xnathan.com. Hi guys, I am chris, a software engineer and I have been building stuff with ‚Ä¶",https://www.codementor.io/@ilozuluchidiuso/quick-dive-into-selenium-with-python-12n857h3bq,GOOGLE,Selenium Software
124,125A Computational Strategy for Classification of Enem Issues Based on Item Response Theory,"The National High School Examination (ENEM) gains each year more importance, as it gradually, replacing traditional vestibular. Many simulations are done almost randomly by teachers or systems, with questions chosen without discretion. With this‚Ä¶",https://seer.ufrgs.br/rita/article/view/RITA_27_V1_92,BASE,Other topics
125,126Python Testing with Selenium - PDF eBook Free Download,"Book Name: Python Testing with Selenium Author: Sujay Raghavendra ISBN-10: 1484262484 Year: 2020 Pages: 191 Language: English File size: 2.5 MB File format: PDF, ePub. Python Testing with Selenium Book Description: Implement different testing ‚Ä¶",https://www.allitebooks.in/python-testing-with-selenium/,BING,Other topics
126,127Python Automation With Selenium: Part 1 | by Benjamin Carlson ‚Ä¶,"29 Apr 2020 ¬∑ Recently I make two YouTube videos detailing how to use Python and Selenium to code an Instagram Bot. Today, I am taking those videos and ‚Ä¶",https://medium.com/python-in-plain-english/python-automation-with-selenium-building-an-instagram-bot-eb8d5123b0bd,GOOGLE,Instagram Bot
127,128Uus heuristikal p√µhinev √µngitsemise avastamine Selenium Webdriveriga ; A New Heuristic Based Phishing Detection Approach Utilizing Selenium Webdriver,"√ïngitsemine on oluline probleem, mis h√µlmab endas petlike meilide ja veebilehtede kasutamist, t√ºssates pahaaimamatuid kasutajad vabatahtlikult avaldama konfidentsiaalset informatsiooni. Antud uurimust√∂√∂ p√µhifookuseks on avastada √µngitsemise‚Ä¶",http://hdl.handle.net/10062/65869,BASE,Selenium WebDriver
128,129Selenium for Python - Getting started - Percy.io,Covered in this doc. Integrating Percy with your Selenium Python tests. Installing and importing the. percy-python-selenium. module. Calling and configuring.,https://docs.percy.io/docs/python-selenium,GOOGLE,Install
129,130MyLearningMentor: A Mobile App to Support Learners Participating in MOOCs,"Abstract: MOOCs have brought a revolution to education. However, their impact is mainly benefiting people with Higher Education degrees. The lack of support and personalized advice in MOOCs is causing that many of the learners that have not‚Ä¶",http://citeseerx.ist.psu.edu/viewdoc/summary?doi=10.1.1.1082.7935,BASE,Support
130,131GitHub - acgnLiu/python-selenium-unittest: python ‚Ä¶,python + selenium + unittest. Contribute to acgnLiu/python-selenium-unittest development by creating an account on GitHub.,https://github.com/acgnLiu/python-selenium-unittest,BING,GitHub
131,132Amazon CloudWatch Synthetics now supports canary scripts in ‚Ä¶,"24 Nov 2020 ¬∑ With the new runtime version syn-python-selenium-1.0, you can now ‚Ä¶ Selenium WebDriver module from CloudWatch Synthetics library and ‚Ä¶",https://aws.amazon.com/about-aws/whats-new/2020/11/amazon-cloudwatch-synthetics-supports-canary-scripts-python-with-selenium-framework/?tag=comceptaag,GOOGLE,Selenium WebDriver Support
132,133HUBcheck: Check the hub,"The HUBzero Platform is a framework for building websites, referred to as ""hubs,"" that promote research communities through online simulation, data management, and collaboration. With each software release, the HUBzero Team dedicates weeks of team‚Ä¶",https://docs.lib.purdue.edu/dissertations/AAI1597870,BASE,Release
133,134Instagram Auto Like Bot with Python + Selenium | by Maksim ‚Ä¶,"We will write Instagram bot that opens explore in Chrome browser, likes posts that mimicking your own actions using Python and Selenium ‚Ä¶",https://medium.com/@maxAvdyushkin/instagram-auto-like-bot-with-python-selenium-539b21d3212b,BING,Instagram Bot
